title,url
"Corruption : lois, failles et solutions pour éradiquer ce fléau",https://defimedia.info/corruption-lois-failles-et-solutions-pour-eradiquer-ce-fleau
Compensation salariale : des syndicats proposent un montant variant de Rs 740 à Rs 1 000,https://defimedia.info/compensation-salariale-des-syndicats-proposent-un-montant-variant-de-rs-740-rs-1-000
Rajesh Bhagwan: «Des ONG intégreront le board de la Beach Authority» ,https://defimedia.info/rajesh-bhagwan-des-ong-integreront-le-board-de-la-beach-authority
Anil Bachoo : «Maurice s'engage pour l’élimination du VIH d’ici 2030» ,https://defimedia.info/anil-bachoo-maurice-sengage-pour-lelimination-du-vih-dici-2030
"Subron : «Si zot trouve noune fane, nou mem nou pou vot lalwa pou fou nou deor»",https://defimedia.info/subron-si-zot-trouve-noune-fane-nou-mem-nou-pou-vot-lalwa-pou-fou-nou-deor
ReA fête la victoire de l'Alliance du Changement avec les Mauriciens à Pomponette,https://defimedia.info/rea-fete-la-victoire-de-lalliance-du-changement-avec-les-mauriciens-pomponette
Eshan Juman : «Sa ban kalite bouro la pena zot zot plas dan nou sosiete»,https://defimedia.info/eshan-juman-sa-ban-kalite-bouro-la-pena-zot-zot-plas-dan-nou-sosiete
"Enlèvement et meurtre de la petite Kathalea : «Que justice soit rendue rapidement», dit l’oncle de…",https://defimedia.info/enlevement-et-meurtre-de-la-petite-kathalea-que-justice-soit-rendue-rapidement-dit-loncle-de-la-victime
"Vanessa, tante de la petite Kathalea : «Que justice soit faite !»",https://defimedia.info/vanessa-tante-de-la-petite-kathalea-que-justice-soit-faite
"Enlèvement et meurtre de la petite Kathalea : «Il faut des lois plus sévères», affirme Bhadain",https://defimedia.info/enlevement-et-meurtre-de-la-petite-kathalea-il-faut-des-lois-plus-severes-affirme-bhadain
Adieux déchirants à la petite Kathalea,https://defimedia.info/adieux-dechirants-la-petite-kathalea
Funérailles de la petite Kathalea : une famille en quête de justice,https://defimedia.info/funerailles-de-la-petite-kathalea-une-famille-en-quete-de-justice
Funérailles de la petite Élodie Kathalea Gaspard,https://defimedia.info/funerailles-de-la-petite-elodie-kathalea-gaspard
Dr Mahend Gungapersad : «L’Extended Programme n’existera plus à partir de janvier 2025»,https://defimedia.info/dr-mahend-gungapersad-lextended-programme-nexistera-plus-partir-de-janvier-2025
Enlèvement et meurtre d'une fillette de 7 ans : Jean Allan Rambhoro passe aux aveux,https://defimedia.info/enlevement-et-meurtre-dune-fillette-de-7-ans-jean-allan-rambhoro-passe-aux-aveux
Eau-Bleue : un Français de 66 ans perd la vie après une chute,https://defimedia.info/eau-bleue-un-francais-de-66-ans-perd-la-vie-apres-une-chute
La Tourism Promotion Association lance une application dédiée à la santé,https://defimedia.info/la-tourism-promotion-association-lance-une-application-dediee-la-sante
Enlèvement et meurtre : la fillette de 7 ans portée manquante toute la nuit,https://defimedia.info/enlevement-et-meurtre-la-fillette-de-7-ans-portee-manquante-toute-la-nuit
Enlèvement et meurtre d’une fillette de 7 ans : sa mère réclame justice,https://defimedia.info/enlevement-et-meurtre-dune-fillette-de-7-ans-sa-mere-reclame-justice
Bain-des-Dames : un suspect arrêté pour l’enlèvement et le meurtre d’une fillette de 7 ans,https://defimedia.info/bain-des-dames-un-suspect-arrete-pour-lenlevement-et-le-meurtre-dune-fillette-de-7-ans
"Sydney Pierre, Junior Minister au Tourisme : « Il est important de préserver la réputation haut de…",https://defimedia.info/sydney-pierre-junior-minister-au-tourisme-il-est-important-de-preserver-la-reputation-haut-de-gamme-de-maurice
Vallée-Pitot : trois hommes arrêtés pour tentative de meurtre,https://defimedia.info/vallee-pitot-trois-hommes-arretes-pour-tentative-de-meurtre
Le ministre Osman Mahomed rencontre les familles touchées par les inondations à Tranquebar,https://defimedia.info/le-ministre-osman-mahomed-rencontre-les-familles-touchees-par-les-inondations-tranquebar
Contrat résilié : Vidhu Madhub-Dassyne n’est plus la directrice du FSL ,https://defimedia.info/contrat-resilie-vidhu-madhub-dassyne-nest-plus-la-directrice-du-fsl
Complot allégué pour blanchiment d'argent : l'accusation provisoire contre Sherry Singh rayée,https://defimedia.info/complot-allegue-pour-blanchiment-dargent-laccusation-provisoire-contre-sherry-singh-rayee
Infanticide à Roche-Bois : l’ex-concubin de Rowena Raffin se confie,https://defimedia.info/infanticide-roche-bois-lex-concubin-de-rowena-raffin-se-confie
Le cri du cœur d’une famille congolaise bloquée à Maurice : un appel urgent à l’aide,https://defimedia.info/le-cri-du-coeur-dune-famille-congolaise-bloquee-maurice-un-appel-urgent-laide
Infanticide à Roche-Bois : la mère reste en détention policière,https://defimedia.info/infanticide-roche-bois-la-mere-reste-en-detention-policiere
Décès de Dhavish Ramanah au Canada : son père réclame la réouverture de l'enquête,https://defimedia.info/deces-de-dhavish-ramanah-au-canada-son-pere-reclame-la-reouverture-de-lenquete
"À Forbach, dans le Nord : IBL veut transformer son unité de soins en hôpital 24/7 ",https://defimedia.info/forbach-dans-le-nord-ibl-veut-transformer-son-unite-de-soins-en-hopital-247
Message de remerciements des parents de Fateemah,https://defimedia.info/message-de-remerciements-des-parents-de-fateemah
Albion : Rowin Arnachellum élu nouveau président du village,https://defimedia.info/albion-rowin-arnachellum-elu-nouveau-president-du-village
Incendie au centre d’enfouissement de La Martinière à Surinam,https://defimedia.info/incendie-au-centre-denfouissement-de-la-martiniere-surinam
"Max City Ltd, gestionnaire de Grand Baie La Croisette, se dit prête à soutenir Fateemah dans ses…",https://defimedia.info/max-city-ltd-gestionnaire-de-grand-baie-la-croisette-se-dit-prete-soutenir-fateemah-dans-ses-soins-specialises
Eshan Juman : «Nous avons déployé des efforts ininterrompus pour faciliter le transfert de Fateemah»,https://defimedia.info/eshan-juman-nous-avons-deploye-des-efforts-ininterrompus-pour-faciliter-le-transfert-de-fateemah
Bachoo : «Le PM m’a donné des directives pour que Fateemah soit transférée en Inde au plus vite»,https://defimedia.info/bachoo-le-pm-ma-donne-des-directives-pour-que-fateemah-soit-transferee-en-inde-au-plus-vite
Ramgoolam rencontre Fateemah avant son transfert en Inde : le chef du gouvernement insiste sur l…,https://defimedia.info/ramgoolam-rencontre-fateemah-avant-son-transfert-en-inde-le-chef-du-gouvernement-insiste-sur-limportance-du-facteur-temps
Navin Ramgoolam et son épouse aux côtés de Fateemah avant son transfert en Inde,https://defimedia.info/navin-ramgoolam-et-son-epouse-aux-cotes-de-fateemah-avant-son-transfert-en-inde
Amputée d’un pied après avoir été happée par un tapis roulant : Fateemah sera transférée en Inde…,https://defimedia.info/amputee-dun-pied-apres-avoir-ete-happee-par-un-tapis-roulant-fateemah-sera-transferee-en-inde-pour-des-soins-complementaires
«Nous attendons l’autorisation des autorités pour accéder au site afin que nos techniciens puissent…,https://defimedia.info/nous-attendons-lautorisation-des-autorites-pour-acceder-au-site-afin-que-nos-techniciens-puissent-mener-une-enquete
"Pieds coincés dans un escalator à Grand Baie La Croisette : Fatima, 21 ans, perd une jambe",https://defimedia.info/pieds-coinces-dans-un-escalator-grand-baie-la-croisette-fatima-21-ans-perd-une-jambe
Prévisions météo pour ce dimanche,https://defimedia.info/previsions-meteo-pour-ce-dimanche-1
Aucune alerte de pluies torrentielles n'est en vigueur à Maurice ,https://defimedia.info/aucune-alerte-de-pluies-torrentielles-nest-en-vigueur-maurice
Accident à La Marie : un camion renversé sur la route en direction de Curepipe,https://defimedia.info/accident-la-marie-un-camion-renverse-sur-la-route-en-direction-de-curepipe
Le nouveau cabinet ministériel en chiffres,https://defimedia.info/le-nouveau-cabinet-ministeriel-en-chiffres
Découvrez les 10 Junior Ministers,https://defimedia.info/decouvrez-les-10-junior-ministers
Découvrez le cabinet ministériel du gouvernement de l'Alliance du Changement,https://defimedia.info/decouvrez-le-cabinet-ministeriel-du-gouvernement-de-lalliance-du-changement
[En images] Cérémonie de prestation de serment des nouveaux ministres à la State House ,https://defimedia.info/en-images-ceremonie-de-prestation-de-serment-des-nouveaux-ministres-la-state-house
Pluies torrentielles : plus de 100 mm de pluie enregistrés dans trois stations et 11 interventions…,https://defimedia.info/pluies-torrentielles-plus-de-100-mm-de-pluie-enregistres-dans-trois-stations-et-11-interventions-realisees
Pluies torrentielles : priorité aux femmes enceintes et aux personnes en situation de handicap pour…,https://defimedia.info/pluies-torrentielles-priorite-aux-femmes-enceintes-et-aux-personnes-en-situation-de-handicap-pour-rentrer-chez-elles
Visite de courtoisie : l’accord politique sur les Chagos parmi les sujets discutés entre la Haute…,https://defimedia.info/visite-de-courtoisie-laccord-politique-sur-les-chagos-parmi-les-sujets-discutes-entre-la-haute-commissaire-britannique-et
Mandat d’arrêt contre Netanyahu : les 124 États membres de la CPI seraient tenus de l’arrêter s’il…,https://defimedia.info/mandat-darret-contre-netanyahu-les-124-etats-membres-de-la-cpi-seraient-tenus-de-larreter-sil-entrait-sur-leur-territoire
"Cabinet ministériel : Ramgoolam devrait également assumer le portefeuille des Finances, Bérenger…",https://defimedia.info/cabinet-ministeriel-ramgoolam-devrait-egalement-assumer-le-portefeuille-des-finances-berenger-premier-ministre-adjoint
"Avis de fortes pluies : pas de classes ce vendredi, les crèches fermées ",https://defimedia.info/avis-de-fortes-pluies-pas-de-classes-ce-vendredi-les-creches-fermees
Incendie à Mare-Chicose : le feu pourrait être maîtrisé dans une vingtaine de jours  ,https://defimedia.info/incendie-mare-chicose-le-feu-pourrait-etre-maitrise-dans-une-vingtaine-de-jours
Cabinet ministériel : Les noms cités avec insistance et les probabilités,https://defimedia.info/cabinet-ministeriel-les-noms-cites-avec-insistance-et-les-probabilites
Reprise des vols vers et depuis Rodrigues après le passage de la tempête Bheki,https://defimedia.info/reprise-des-vols-vers-et-depuis-rodrigues-apres-le-passage-de-la-tempete-bheki
Incendie à Mare Chicose : la qualité de l’air sous surveillance  ,https://defimedia.info/incendie-mare-chicose-la-qualite-de-lair-sous-surveillance
Bheki : Aucun avertissement de cyclone n'est en vigueur à Maurice,https://defimedia.info/bheki-aucun-avertissement-de-cyclone-nest-en-vigueur-maurice
Le nouveau Commissaire de Police appelle à une discipline rigoureuse et à une conduite exemplaire…,https://defimedia.info/le-nouveau-commissaire-de-police-appelle-une-discipline-rigoureuse-et-une-conduite-exemplaire-au-sein-de-la-force-policiere
"Jacques Malié : « Il faut surtout revoir l’Extended Programme, qui est un échec » ",https://defimedia.info/jacques-malie-il-faut-surtout-revoir-lextended-programme-qui-est-un-echec
Réformes à venir dans l’Éducation : Des partenaires dévoilent leurs priorités en attendant la…,https://defimedia.info/reformes-venir-dans-leducation-des-partenaires-devoilent-leurs-priorites-en-attendant-la-nomination-dun-ministre
"Bheki : Alerte cyclonique de classe I en vigueur à Maurice, l’alerte 3 maintenue à Rodrigues",https://defimedia.info/bheki-alerte-cyclonique-de-classe-i-en-vigueur-maurice-lalerte-3-maintenue-rodrigues
Bheki : fermeture de l’aéroport Plaine-Corail et annulation des vols vers et au départ de Rodrigues…,https://defimedia.info/bheki-fermeture-de-laeroport-plaine-corail-et-annulation-des-vols-vers-et-au-depart-de-rodrigues
Moustass Leaks : l’ex-ASP Roshan Kokil porte plainte contre l’ancien CP Anil Kumar Dip,https://defimedia.info/moustass-leaks-lex-asp-roshan-kokil-porte-plainte-contre-lancien-cp-anil-kumar-dip
Post-élections générales : Le nouveau cabinet devrait se constituer ce mercredi,https://defimedia.info/post-elections-generales-le-nouveau-cabinet-devrait-se-constituer-ce-mercredi
Fin des PPS et retour des Junior Ministers,https://defimedia.info/fin-des-pps-et-retour-des-junior-ministers
Fabienne Boll : «La franc-maçonnerie est présente et active dans des sociétés comme l’île Maurice»,https://defimedia.info/fabienne-boll-la-franc-maconnerie-est-presente-et-active-dans-des-societes-comme-lile-maurice
"Lindsay Rivière, observateur politique : «Une très large majorité d'indécis a basculé»",https://defimedia.info/lindsay-riviere-observateur-politique-une-tres-large-majorite-dindecis-bascule
"Bheki : un avertissement de cyclone de classe 1 en vigueur à Maurice, Rodrigues passe en alerte 2",https://defimedia.info/bheki-un-avertissement-de-cyclone-de-classe-1-en-vigueur-maurice-rodrigues-passe-en-alerte-2
« Au Cœur de l’Info » : Quelles réformes pour garantir l’indépendance de nos institutions ?,https://defimedia.info/au-coeur-de-linfo-quelles-reformes-pour-garantir-lindependance-de-nos-institutions
Incendie à Mare-Chicose : les habitants exposés aux gaz toxiques face à un risque accru de maladies…,https://defimedia.info/incendie-mare-chicose-les-habitants-exposes-aux-gaz-toxiques-face-un-risque-accru-de-maladies-pulmonaires
Un avertissement de cyclone de classe 1 maintenu à Rodrigues,https://defimedia.info/un-avertissement-de-cyclone-de-classe-1-maintenu-rodrigues
Cabinet ministériel : des détails pourraient être dévoilés ce lundi ,https://defimedia.info/cabinet-ministeriel-des-details-pourraient-etre-devoiles-ce-lundi
"[Décryptage] Gouverner l’espérance, répondre à l’immensité",https://defimedia.info/decryptage-gouverner-lesperance-repondre-limmensite
Météo : le cyclone tropical intense Bheki à 1310 km de Maurice,https://defimedia.info/meteo-le-cyclone-tropical-intense-bheki-1310-km-de-maurice
Un avertissement de cyclone de classe 1 en vigueur à Rodrigues,https://defimedia.info/un-avertissement-de-cyclone-de-classe-1-en-vigueur-rodrigues-0
Meeting de remerciements : temps forts,https://defimedia.info/meeting-de-remerciements-temps-forts
Flic-en-Flac : un homme de 80 ans repêché du lagon,https://defimedia.info/flic-en-flac-un-homme-de-80-ans-repeche-du-lagon
Shakeel Mohamed : «Un moment de réconciliation»,https://defimedia.info/shakeel-mohamed-un-moment-de-reconciliation
Richard Duval : «La priorité du gouvernement est de régler le problème du coût de la vie» ,https://defimedia.info/richard-duval-la-priorite-du-gouvernement-est-de-regler-le-probleme-du-cout-de-la-vie
Meeting de remerciements : au cœur de l’ambiance,https://defimedia.info/meeting-de-remerciements-au-coeur-de-lambiance
"Bérenger : «Vanzans non, rann kont wi !»",https://defimedia.info/berenger-vanzans-non-rann-kont-wi
Gouvernement de l’Alliance du Changement : les attentes des jeunes et des moins jeunes,https://defimedia.info/gouvernement-de-lalliance-du-changement-les-attentes-des-jeunes-et-des-moins-jeunes
Ramgoolam : «Nou pa pou fer enn politik de vanzans kouma me zot bizin rann kont»,https://defimedia.info/ramgoolam-nou-pa-pou-fer-enn-politik-de-vanzans-kouma-me-zot-bizin-rann-kont
Début d’un audit de l’économie : «Les premières indications démontrent que les chiffres des…,https://defimedia.info/debut-dun-audit-de-leconomie-les-premieres-indications-demontrent-que-les-chiffres-des-finances-sont-faux-affirme-ramgoolam
[En images] Ambiance festive au meeting de remerciements de l’Alliance du Changement ,https://defimedia.info/en-images-ambiance-festive-au-meeting-de-remerciements-de-lalliance-du-changement
[En images] Meeting de remerciements de l'Alliance du Changement ,https://defimedia.info/en-images-meeting-de-remerciements-de-lalliance-du-changement
[Satiriquement Vôtre] Coquelet en cage au milieu des fauves,https://defimedia.info/satiriquement-votre-coquelet-en-cage-au-milieu-des-fauves
Météo : Bheki s’est intensifié en un cyclone tropical intense,https://defimedia.info/meteo-bheki-sest-intensifie-en-un-cyclone-tropical-intense
Décès de l’ancien ministre Joseph Tsang Mang Kin,https://defimedia.info/deces-de-lancien-ministre-joseph-tsang-mang-kin
"La SST, la FCIU et la Special Intelligence Cell démantelées : le SP Jagai transféré à l’Eastern…",https://defimedia.info/la-sst-la-fciu-et-la-special-intelligence-cell-demantelees-le-sp-jagai-transfere-leastern-division
Météo : la forte tempête Bheki attendue dans les parages de Maurice entre mercredi et jeudi,https://defimedia.info/meteo-la-forte-tempete-bheki-attendue-dans-les-parages-de-maurice-entre-mercredi-et-jeudi
Rama Sithanen nommé Gouverneur de la Banque de Maurice,https://defimedia.info/rama-sithanen-nomme-gouverneur-de-la-banque-de-maurice
« Au Cœur de l’Info » : quel changement pour le pays ?,https://defimedia.info/au-coeur-de-linfo-quel-changement-pour-le-pays
La police dément les rumeurs d'un ordre d'«arrest upon departure» contre une éminente personnalité,https://defimedia.info/la-police-dement-les-rumeurs-dun-ordre-darrest-upon-departure-contre-une-eminente-personnalite
Rampersad Sooroojbally nouveau Commissaire de Police ,https://defimedia.info/rampersad-sooroojbally-nouveau-commissaire-de-police
Financial Crimes Commission : Navin Beekarry démissionne de son poste de directeur général,https://defimedia.info/financial-crimes-commission-navin-beekarry-demissionne-de-son-poste-de-directeur-general
Urban Terminal : Farhad Aumeer rencontre les commerçants,https://defimedia.info/urban-terminal-farhad-aumeer-rencontre-les-commercants
Selon l’Agence internationale de l’énergie : surplus de pétrole mondial prévu pour 2025,https://defimedia.info/selon-lagence-internationale-de-lenergie-surplus-de-petrole-mondial-prevu-pour-2025
Météo : Bheki s’est intensifiée en forte tempête tropicale durant la nuit,https://defimedia.info/meteo-bheki-sest-intensifiee-en-forte-tempete-tropicale-durant-la-nuit
Le DPP réclame des réformes pour une indépendance totale ,https://defimedia.info/le-dpp-reclame-des-reformes-pour-une-independance-totale
Victoire de l'Alliance du Changement : la vague de démissions au sein des institutions publiques se…,https://defimedia.info/victoire-de-lalliance-du-changement-la-vague-de-demissions-au-sein-des-institutions-publiques-se-poursuit
La CTSP réclame une Freedom of Information Act,https://defimedia.info/la-ctsp-reclame-une-freedom-information-act
Meeting de remerciement à La Place D’Armes : voici les routes qui seront fermées à la circulation,https://defimedia.info/meeting-de-remerciement-la-place-darmes-voici-les-routes-qui-seront-fermees-la-circulation
Prestation de serment : Ramgoolam revient au pouvoir après 10 ans,https://defimedia.info/prestation-de-serment-ramgoolam-revient-au-pouvoir-apres-10-ans
Appel à l’aide : il perd son ordinateur de travail à Trianon,https://defimedia.info/appel-laide-il-perd-son-ordinateur-de-travail-trianon
Mesures prioritaires du nouveau gouvernement : baisse des prix des carburants et paiement du 14e…,https://defimedia.info/mesures-prioritaires-du-nouveau-gouvernement-baisse-des-prix-des-carburants-et-paiement-du-14e-mois
Législatives 2024: Linion Reform appelle à un vote réfléchi ,https://defimedia.info/legislatives-2024-linion-reform-appelle-un-vote-reflechi
Moustass Leaks : des artistes et organisateurs événementiels appellent le public au calme,https://defimedia.info/moustass-leaks-des-artistes-et-organisateurs-evenementiels-appellent-le-public-au-calme